<?xml version="1.0" encoding="UTF-8"?>
<project-private xmlns="http://www.netbeans.org/ns/project-private/1">
    <editor-bookmarks xmlns="http://www.netbeans.org/ns/editor-bookmarks/2" lastBookmarkId="0"/>
    <open-files xmlns="http://www.netbeans.org/ns/projectui-open-files/2">
        <group>
            <file>file:/Users/tindoan/Desktop/SGU/CNPM/Đồ%20án%20mẫu/DoAnCNPM-master/QLKhachSan/src/LeTanGUI/ThueDVu.java</file>
            <file>file:/Users/tindoan/Desktop/SGU/CNPM/Đồ%20án%20mẫu/DoAnCNPM-master/QLKhachSan/src/SupportGUI/DanhSachGUI.java</file>
            <file>file:/Users/tindoan/Desktop/SGU/CNPM/Đồ%20án%20mẫu/DoAnCNPM-master/QLKhachSan/src/MainFrame/LoginFrame.java</file>
            <file>file:/Users/tindoan/Desktop/SGU/CNPM/Đồ%20án%20mẫu/DoAnCNPM-master/QLKhachSan/src/MainFrame/KeToanFrame.java</file>
            <file>file:/Users/tindoan/Desktop/SGU/CNPM/Đồ%20án%20mẫu/DoAnCNPM-master/QLKhachSan/src/MainFrame/LeTanFrame.java</file>
            <file>file:/Users/tindoan/Desktop/SGU/CNPM/Đồ%20án%20mẫu/DoAnCNPM-master/QLKhachSan/src/MainFrame/QuanLyFrame.java</file>
            <file>file:/Users/tindoan/Desktop/SGU/CNPM/Đồ%20án%20mẫu/DoAnCNPM-master/QLKhachSan/src/LeTanGUI/DatDichVuGUI.java</file>
            <file>file:/Users/tindoan/Desktop/SGU/CNPM/Đồ%20án%20mẫu/DoAnCNPM-master/QLKhachSan/src/MainFrame/NVGuiXeFrame.java</file>
            <file>file:/Users/tindoan/Desktop/SGU/CNPM/Đồ%20án%20mẫu/DoAnCNPM-master/QLKhachSan/src/LeTanGUI/ThanhToanGUI.java</file>
            <file>file:/Users/tindoan/Desktop/SGU/CNPM/Đồ%20án%20mẫu/DoAnCNPM-master/QLKhachSan/src/DTO/PDatPhongDTO.java</file>
        </group>
    </open-files>
</project-private>
